ID,Nome do Fornecedor,País de Origem,Informações de Contato,Data de Início
1,Techtronix,China,email@techtronix.com,2022-01-15
2,ElectroTech,Japão,info@electrotech.co.jp,2021-11-20
3,GlobalGadgets,EUA,contact@globalgadgets.com,2022-03-05
4,InnovateTech, Coreia do Sul,info@innovatetech.kr,2022-02-10
5,EuroElectronics,Alemanha,contact@euroelectronics.de,2022-04-18
6,AsiaConnect,Tailândia,info@asiaconnect.co.th,2021-09-30
7,SwiftElectronics,Reino Unido,sales@swiftelectronics.co.uk,2022-07-25
8,TopGizmos,Taiwan,info@topgizmos.tw,2022-06-15
9,PrimeTech,Índia,support@primetech.in,2021-12-08
10,MegaElectronics,Brasil,contact@megaelectronics.com.br,2022-05-03
11,GalaxyImports,Espanha,info@galaxyimports.es,2022-08-22
12,PacificTraders,Austrália,info@pacifictraders.com.au,2021-10-12
13,NewWave,Canadá,customerservice@newwave.ca,2022-03-18
14,DigitalEdge,Singapura,info@digitaledge.sg,2022-09-05
15,SunriseTech,México,sales@sunrisetech.mx,2021-07-30
16,NovaInnovation,África do Sul,contact@novainnovation.co.za,2022-04-28
17,GoldenGadgets,Itália,support@goldengadgets.it,2022-02-01
18,PioneerSupplies,Países Baixos,info@pioneersupplies.nl,2021-06-20
19,OceanTech,Nova Zelândia,info@oceantech.nz,2022-01-02
20,EliteElectronics,França,contact@eliteelectronics.fr,2022-07-10
21,PeakImports,Suíça,sales@peakimports.ch,2022-06-08
22,SmartTraders,Rússia,info@smarttraders.ru,2021-11-15
23,VisionaryTech,Emirados Árabes Unidos,support@visionarytech.ae,2022-03-25
24,StarLink,Hong Kong,info@starlink.hk,2022-05-20
25,CityElectronics,Malásia,sales@cityelectronics.my,2021-12-18
26,NobleInnovations,Noruega,contact@nobleinnovations.no,2022-08-05
27,PowerTech,Dinamarca,info@powertech.dk,2022-04-10
28,GlobalTrade,Argentina,info@globaltrade.com.ar,2022-02-28
29,BravoTech,Chile,contact@bravotech.cl,2021-09-22
30,SwiftSolutions,Bélgica,sales@swiftsolutions.be,2022-06-30
31,TopQuality,Irlanda,info@topquality.ie,2022-03-10
32,SuperiorImports,Israel,support@superiorimports.co.il,2021-11-08
33,GoldenSupplies,Suécia,info@goldensupplies.se,2022-01-18
34,GlobalElectro,China,sales@globalelectro.com,2022-07-02
35,PacificImports,Jamaica,contact@pacificimports.jm,2022-05-15
36,OptimaTech,Portugal,info@optimatech.pt,2021-10-28
37,CreativeInnovations,Maldivas,support@creativeinnovations.mv,2022-04-05
38,DiamondImports,Polônia,info@diamondimports.pl,2022-09-20
39,RapidGadgets,Mônaco,sales@rapidgadgets.mc,2022-08-12
40,SmartConnect,China,contact@smartconnect.com,2021-12-22
41,TradeMasters,Costa Rica,info@trademasters.cr,2022-06-10
42,GreatDeals,China,support@greatdeals.com,2022-03-08
43,DynamicTech,Nigéria,info@dynamictech.ng,2021-11-25
44,InfiniteImports,Vietnã,sales@infiniteimports.vn,2022-02-05
45,PowerfulSupplies,Turquia,contact@powerfulsupplies.com.tr,2022-07-15
46,UniversalGadgets,China,info@universalgadgets.com,2021-10-10
47,ExcelTrade,Malawi,support@exceltrade.mw,2022-05-28
48,SmartSolutions,Ruanda,info@smartsolutions.rw,2022-04-02
49,RapidTech,Uruguai,sales@rapidtech.uy,2021-12-15
50,PremiumImports,Bahamas,contact@premiumimports.bs,2022-08-18

